"TimeInt";"TimeStr";"IsInitValue";"Value";"IQuality"
1596074419;"30/07/2020 02:00:19";0;13.76082;3
1596074449;"30/07/2020 02:00:49";0;13.73682;3
1596074479;"30/07/2020 02:01:19";0;13.66633;3
1596074509;"30/07/2020 02:01:49";0;13.62023;3
1596074539;"30/07/2020 02:02:19";0;13.59318;3
1596074569;"30/07/2020 02:02:49";0;13.57756;3
1596074599;"30/07/2020 02:03:19";0;13.57146;3
1596074629;"30/07/2020 02:03:49";0;13.57184;3
1596074659;"30/07/2020 02:04:19";0;13.57718;3
1596074689;"30/07/2020 02:04:49";0;13.58137;3
1596074719;"30/07/2020 02:05:19";0;13.59204;3
1596074749;"30/07/2020 02:05:49";0;13.59585;3
1596074779;"30/07/2020 02:06:19";0;13.5989;3
1596074809;"30/07/2020 02:06:49";0;13.60309;3
1596074839;"30/07/2020 02:07:19";0;13.61299;3
1596074869;"30/07/2020 02:07:49";0;13.64995;3
1596074899;"30/07/2020 02:08:19";0;13.68348;3
1596074929;"30/07/2020 02:08:49";0;13.72767;3
1596074959;"30/07/2020 02:09:19";0;13.76539;3
1596074989;"30/07/2020 02:09:49";0;13.78825;3
1596075019;"30/07/2020 02:10:19";0;13.80692;3
1596075049;"30/07/2020 02:10:49";0;13.82331;3
1596075079;"30/07/2020 02:11:19";0;13.83283;3
1596075109;"30/07/2020 02:11:49";0;13.84426;3
1596075139;"30/07/2020 02:12:19";0;13.84274;3
1596075169;"30/07/2020 02:12:49";0;13.80197;3
1596075199;"30/07/2020 02:13:19";0;13.76768;3
1596075229;"30/07/2020 02:13:49";0;13.75053;3
1596075259;"30/07/2020 02:14:19";0;13.74368;3
1596075289;"30/07/2020 02:14:49";0;13.76387;3
1596075319;"30/07/2020 02:15:19";0;13.77492;3
1596075349;"30/07/2020 02:15:49";0;13.79435;3
1596075379;"30/07/2020 02:16:19";0;13.80616;3
1596075409;"30/07/2020 02:16:49";0;13.80921;3
1596075439;"30/07/2020 02:17:19";0;13.7852;3
1596075469;"30/07/2020 02:17:49";0;13.24304;3
1596075499;"30/07/2020 02:18:19";0;12.8929;3
1596075529;"30/07/2020 02:18:49";0;13.13446;3
1596075559;"30/07/2020 02:19:19";0;13.27771;3
1596075589;"30/07/2020 02:19:49";0;13.38363;3
1596075619;"30/07/2020 02:20:19";0;13.4705;3
1596075649;"30/07/2020 02:20:49";0;13.54441;3
1596075679;"30/07/2020 02:21:19";0;13.60309;3
1596075709;"30/07/2020 02:21:49";0;13.65909;3
1596075739;"30/07/2020 02:22:19";0;13.73491;3
1596075769;"30/07/2020 02:22:49";0;13.79473;3
1596075799;"30/07/2020 02:23:19";0;13.82597;3
1596075829;"30/07/2020 02:23:49";0;13.82788;3
1596075859;"30/07/2020 02:24:19";0;13.7974;3
1596075889;"30/07/2020 02:24:49";0;13.74863;3
1596075919;"30/07/2020 02:25:19";0;13.7132;3
1596075949;"30/07/2020 02:25:49";0;13.69262;3
1596075979;"30/07/2020 02:26:19";0;13.68043;3
1596076009;"30/07/2020 02:26:49";0;13.67967;3
1596076039;"30/07/2020 02:27:19";0;13.68386;3
1596076069;"30/07/2020 02:27:49";0;13.6911;3
1596076099;"30/07/2020 02:28:19";0;13.69757;3
1596076129;"30/07/2020 02:28:49";0;13.71015;3
1596076159;"30/07/2020 02:29:19";0;13.70938;3
1596076189;"30/07/2020 02:29:49";0;13.70672;3
1596076219;"30/07/2020 02:30:19";0;13.70215;3
1596076249;"30/07/2020 02:30:49";0;13.69757;3
1596076279;"30/07/2020 02:31:19";0;13.71739;3
1596076309;"30/07/2020 02:31:49";0;13.80083;3
1596076339;"30/07/2020 02:32:19";0;13.85378;3
1596076369;"30/07/2020 02:32:49";0;13.88541;3
1596076399;"30/07/2020 02:33:19";0;13.91284;3
1596076429;"30/07/2020 02:33:49";0;13.93151;3
1596076459;"30/07/2020 02:34:19";0;13.9437;3
1596076489;"30/07/2020 02:34:49";0;13.94827;3
1596076519;"30/07/2020 02:35:19";0;13.92465;3
1596076549;"30/07/2020 02:35:49";0;13.90255;3
1596076579;"30/07/2020 02:36:19";0;13.89036;3
1596076609;"30/07/2020 02:36:49";0;13.88465;3
1596076639;"30/07/2020 02:37:19";0;13.88426;3
1596076669;"30/07/2020 02:37:49";0;13.88503;3
1596076699;"30/07/2020 02:38:19";0;13.89341;3
1596076729;"30/07/2020 02:38:49";0;13.90141;3
1596076759;"30/07/2020 02:39:19";0;13.90179;3
1596076789;"30/07/2020 02:39:49";0;13.86559;3
1596076819;"30/07/2020 02:40:19";0;13.83893;3
1596076849;"30/07/2020 02:40:49";0;13.82292;3
1596076879;"30/07/2020 02:41:19";0;13.81302;3
1596076909;"30/07/2020 02:41:49";0;13.80807;3
1596076940;"30/07/2020 02:42:20";0;13.76425;3
1596076969;"30/07/2020 02:42:49";0;13.72844;3
1596076999;"30/07/2020 02:43:19";0;13.70481;3
1596077029;"30/07/2020 02:43:49";0;13.69376;3
1596077059;"30/07/2020 02:44:19";0;13.68995;3
1596077089;"30/07/2020 02:44:49";0;13.69072;3
1596077119;"30/07/2020 02:45:19";0;13.70596;3
1596077149;"30/07/2020 02:45:49";0;13.72615;3
1596077179;"30/07/2020 02:46:19";0;13.73072;3
1596077209;"30/07/2020 02:46:49";0;13.72958;3
1596077239;"30/07/2020 02:47:19";0;13.73225;3
1596077269;"30/07/2020 02:47:49";0;13.72691;3
1596077299;"30/07/2020 02:48:19";0;13.71891;3
1596077329;"30/07/2020 02:48:49";0;13.71281;3
1596077359;"30/07/2020 02:49:19";0;13.71281;3
1596077389;"30/07/2020 02:49:49";0;13.71243;3
1596077419;"30/07/2020 02:50:19";0;13.71281;3
1596077449;"30/07/2020 02:50:49";0;13.70977;3
1596077479;"30/07/2020 02:51:19";0;13.70596;3
1596077509;"30/07/2020 02:51:49";0;13.70748;3
1596077539;"30/07/2020 02:52:19";0;13.71053;3
1596077569;"30/07/2020 02:52:49";0;13.70862;3
1596077599;"30/07/2020 02:53:19";0;13.65833;3
1596077629;"30/07/2020 02:53:49";0;13.09293;3
1596077659;"30/07/2020 02:54:19";0;12.72488;3
1596077689;"30/07/2020 02:54:49";0;12.95462;3
1596077719;"30/07/2020 02:55:19";0;13.09331;3
1596077749;"30/07/2020 02:55:49";0;13.19694;3
1596077779;"30/07/2020 02:56:19";0;13.28076;3
1596077809;"30/07/2020 02:56:49";0;13.34743;3
1596077839;"30/07/2020 02:57:19";0;13.40039;3
1596077869;"30/07/2020 02:57:49";0;13.44459;3
1596077899;"30/07/2020 02:58:19";0;13.48231;3
1596077929;"30/07/2020 02:58:49";0;13.50898;3
1596077959;"30/07/2020 02:59:19";0;13.52879;3
1596077989;"30/07/2020 02:59:49";0;13.54746;3
1596078019;"30/07/2020 03:00:19";0;13.56194;3
1596078049;"30/07/2020 03:00:49";0;13.57413;3
1596078079;"30/07/2020 03:01:19";0;13.63738;3
1596078109;"30/07/2020 03:01:49";0;13.68576;3
1596078139;"30/07/2020 03:02:19";0;13.7231;3
1596078169;"30/07/2020 03:02:49";0;13.74672;3
1596078199;"30/07/2020 03:03:19";0;13.76234;3
1596078229;"30/07/2020 03:03:49";0;13.77149;3
1596078259;"30/07/2020 03:04:19";0;13.78101;3
1596078289;"30/07/2020 03:04:49";0;13.78901;3
1596078319;"30/07/2020 03:05:19";0;13.80006;3
1596078349;"30/07/2020 03:05:49";0;13.81302;3
1596078379;"30/07/2020 03:06:19";0;13.82216;3
1596078409;"30/07/2020 03:06:49";0;13.82521;3
1596078439;"30/07/2020 03:07:19";0;13.82483;3
1596078469;"30/07/2020 03:07:49";0;13.82254;3
1596078499;"30/07/2020 03:08:19";0;13.82178;3
1596078529;"30/07/2020 03:08:49";0;13.8214;3
1596078559;"30/07/2020 03:09:19";0;13.78597;3
1596078589;"30/07/2020 03:09:49";0;13.7593;3
1596078619;"30/07/2020 03:10:19";0;13.74444;3
1596078649;"30/07/2020 03:10:49";0;13.74291;3
1596078679;"30/07/2020 03:11:19";0;13.74558;3
1596078709;"30/07/2020 03:11:49";0;13.74406;3
1596078739;"30/07/2020 03:12:19";0;13.74063;3
1596078769;"30/07/2020 03:12:49";0;13.73453;3
1596078799;"30/07/2020 03:13:19";0;13.72958;3
1596078829;"30/07/2020 03:13:49";0;13.74253;3
1596078859;"30/07/2020 03:14:19";0;13.74253;3
1596078889;"30/07/2020 03:14:49";0;13.77454;3
1596078919;"30/07/2020 03:15:19";0;13.80159;3
1596078949;"30/07/2020 03:15:49";0;13.81988;3
1596078979;"30/07/2020 03:16:19";0;13.82978;3
1596079009;"30/07/2020 03:16:49";0;13.83854;3
1596079039;"30/07/2020 03:17:19";0;13.84235;3
1596079069;"30/07/2020 03:17:49";0;13.84121;3
1596079099;"30/07/2020 03:18:19";0;13.84464;3
1596079129;"30/07/2020 03:18:49";0;13.84578;3
1596079159;"30/07/2020 03:19:19";0;13.84997;3
1596079189;"30/07/2020 03:19:49";0;13.8515;3
1596079219;"30/07/2020 03:20:19";0;13.84731;3
1596079249;"30/07/2020 03:20:49";0;13.83931;3
1596079279;"30/07/2020 03:21:19";0;13.83321;3
1596079309;"30/07/2020 03:21:49";0;13.81988;3
1596079339;"30/07/2020 03:22:19";0;13.81721;3
1596079369;"30/07/2020 03:22:49";0;13.83854;3
1596079399;"30/07/2020 03:23:19";0;13.84464;3
1596079429;"30/07/2020 03:23:49";0;13.60956;3
1596079459;"30/07/2020 03:24:19";0;13.07578;3
1596079489;"30/07/2020 03:24:49";0;13.09674;3
1596079519;"30/07/2020 03:25:19";0;13.30972;3
1596079549;"30/07/2020 03:25:49";0;13.44573;3
1596079579;"30/07/2020 03:26:19";0;13.54784;3
1596079609;"30/07/2020 03:26:49";0;13.63357;3
1596079639;"30/07/2020 03:27:19";0;13.70215;3
1596079669;"30/07/2020 03:27:49";0;13.7532;3
1596079699;"30/07/2020 03:28:19";0;13.79244;3
1596079729;"30/07/2020 03:28:49";0;13.81988;3
1596079759;"30/07/2020 03:29:19";0;13.84159;3
1596079789;"30/07/2020 03:29:49";0;13.85683;3
1596079819;"30/07/2020 03:30:19";0;13.8675;3
1596079849;"30/07/2020 03:30:49";0;13.87626;3
1596079879;"30/07/2020 03:31:19";0;13.87893;3
1596079909;"30/07/2020 03:31:49";0;13.88007;3
1596079939;"30/07/2020 03:32:19";0;13.94827;3
1596079969;"30/07/2020 03:32:49";0;13.99895;3
1596079999;"30/07/2020 03:33:19";0;14.00809;3
1596080029;"30/07/2020 03:33:49";0;13.98942;3
1596080059;"30/07/2020 03:34:19";0;13.94942;3
1596080089;"30/07/2020 03:34:49";0;13.93989;3
1596080119;"30/07/2020 03:35:19";0;13.94218;3
1596080149;"30/07/2020 03:35:49";0;13.99323;3
1596080179;"30/07/2020 03:36:19";0;13.90598;3
1596080209;"30/07/2020 03:36:49";0;13.67929;3
1596080239;"30/07/2020 03:37:19";0;13.48726;3
1596080269;"30/07/2020 03:37:49";0;13.3703;3
1596080299;"30/07/2020 03:38:19";0;13.3101;3
1596080329;"30/07/2020 03:38:49";0;13.27466;3
1596080359;"30/07/2020 03:39:19";0;13.24457;3
1596080389;"30/07/2020 03:39:49";0;13.23923;3
1596080419;"30/07/2020 03:40:19";0;13.21447;3
1596080449;"30/07/2020 03:40:49";0;13.16837;3
1596080479;"30/07/2020 03:41:19";0;13.13369;3
1596080509;"30/07/2020 03:41:49";0;13.11579;3
1596080539;"30/07/2020 03:42:19";0;13.10207;3
1596080569;"30/07/2020 03:42:49";0;13.10436;3
1596080599;"30/07/2020 03:43:19";0;13.09407;3
1596080629;"30/07/2020 03:43:49";0;13.07083;3
1596080659;"30/07/2020 03:44:19";0;13.06473;3
1596080689;"30/07/2020 03:44:49";0;13.07083;3
1596080719;"30/07/2020 03:45:19";0;13.07121;3
1596080749;"30/07/2020 03:45:49";0;13.06473;3
1596080779;"30/07/2020 03:46:19";0;13.0533;3
1596080809;"30/07/2020 03:46:49";0;13.03082;3
1596080839;"30/07/2020 03:47:19";0;13.02587;3
1596080869;"30/07/2020 03:47:49";0;13.00301;3
1596080899;"30/07/2020 03:48:19";0;12.96948;3
1596080929;"30/07/2020 03:48:49";0;12.94891;3
1596080959;"30/07/2020 03:49:19";0;12.9291;3
1596080989;"30/07/2020 03:49:49";0;12.96301;3
1596081020;"30/07/2020 03:50:20";0;13.01025;3
1596081049;"30/07/2020 03:50:49";0;13.0575;3
1596081079;"30/07/2020 03:51:19";0;13.0655;3
1596081109;"30/07/2020 03:51:49";0;13.10055;3
1596081139;"30/07/2020 03:52:19";0;13.10893;3
1596081169;"30/07/2020 03:52:49";0;13.13065;3
1596081199;"30/07/2020 03:53:19";0;13.15617;3
1596081229;"30/07/2020 03:53:49";0;13.19046;3
1596081259;"30/07/2020 03:54:19";0;13.22056;3
1596081289;"30/07/2020 03:54:49";0;13.25295;3
1596081319;"30/07/2020 03:55:19";0;13.28152;3
1596081349;"30/07/2020 03:55:49";0;13.30705;3
1596081379;"30/07/2020 03:56:19";0;13.31086;3
1596081409;"30/07/2020 03:56:49";0;13.26438;3
1596081439;"30/07/2020 03:57:19";0;13.25599;3
1596081469;"30/07/2020 03:57:49";0;13.23352;3
1596081499;"30/07/2020 03:58:19";0;13.21904;3
1596081529;"30/07/2020 03:58:49";0;13.21485;3
1596081559;"30/07/2020 03:59:19";0;13.20494;3
1596081589;"30/07/2020 03:59:49";0;13.19389;3
1596081619;"30/07/2020 04:00:19";0;13.18589;3
1596081649;"30/07/2020 04:00:49";0;13.17484;3
1596081679;"30/07/2020 04:01:19";0;13.1737;3
1596081709;"30/07/2020 04:01:49";0;13.17446;3
1596081739;"30/07/2020 04:02:19";0;13.16798;3
1596081769;"30/07/2020 04:02:49";0;13.1737;3
1596081799;"30/07/2020 04:03:19";0;13.16875;3
1596081829;"30/07/2020 04:03:49";0;13.18513;3
1596081859;"30/07/2020 04:04:19";0;13.18589;3
1596081889;"30/07/2020 04:04:49";0;13.17675;3
1596081919;"30/07/2020 04:05:19";0;13.17256;3
1596081949;"30/07/2020 04:05:49";0;13.16379;3
1596081979;"30/07/2020 04:06:19";0;13.1676;3
1596082009;"30/07/2020 04:06:49";0;13.17751;3
1596082039;"30/07/2020 04:07:19";0;13.16608;3
1596082069;"30/07/2020 04:07:49";0;13.1657;3
1596082099;"30/07/2020 04:08:19";0;13.11769;3
1596082129;"30/07/2020 04:08:49";0;12.58582;3
1596082159;"30/07/2020 04:09:19";0;12.36065;3
1596082189;"30/07/2020 04:09:49";0;12.57286;3
1596082219;"30/07/2020 04:10:19";0;12.69935;3
1596082249;"30/07/2020 04:10:49";0;12.79346;3
1596082279;"30/07/2020 04:11:19";0;12.87423;3
1596082309;"30/07/2020 04:11:49";0;12.92262;3
1596082339;"30/07/2020 04:12:19";0;12.96415;3
1596082369;"30/07/2020 04:12:49";0;12.98891;3
1596082399;"30/07/2020 04:13:19";0;13.01482;3
1596082429;"30/07/2020 04:13:49";0;13.01939;3
1596082459;"30/07/2020 04:14:19";0;13.03959;3
1596082489;"30/07/2020 04:14:49";0;13.04721;3
1596082519;"30/07/2020 04:15:19";0;13.05483;3
1596082549;"30/07/2020 04:15:49";0;13.08074;3
1596082579;"30/07/2020 04:16:19";0;13.03768;3
1596082609;"30/07/2020 04:16:49";0;13.09216;3
1596082639;"30/07/2020 04:17:19";0;13.13484;3
1596082669;"30/07/2020 04:17:49";0;13.17903;3
1596082699;"30/07/2020 04:18:19";0;13.19618;3
1596082729;"30/07/2020 04:18:49";0;13.20685;3
1596082759;"30/07/2020 04:19:19";0;13.28419;3
1596082789;"30/07/2020 04:19:49";0;13.39049;3
1596082819;"30/07/2020 04:20:19";0;13.33982;3
1596082849;"30/07/2020 04:20:49";0;13.35125;3
1596082879;"30/07/2020 04:21:19";0;13.36267;3
1596082909;"30/07/2020 04:21:49";0;13.37906;3
1596082939;"30/07/2020 04:22:19";0;13.34972;3
1596082969;"30/07/2020 04:22:49";0;13.32381;3
1596082999;"30/07/2020 04:23:19";0;13.31429;3
1596083029;"30/07/2020 04:23:49";0;13.33905;3
1596083059;"30/07/2020 04:24:19";0;13.39506;3
1596083089;"30/07/2020 04:24:49";0;13.44535;3
1596083119;"30/07/2020 04:25:19";0;13.51469;3
1596083149;"30/07/2020 04:25:49";0;13.49145;3
1596083179;"30/07/2020 04:26:19";0;13.53603;3
1596083209;"30/07/2020 04:26:49";0;13.46935;3
1596083239;"30/07/2020 04:27:19";0;13.5105;3
1596083269;"30/07/2020 04:27:49";0;13.4644;3
1596083299;"30/07/2020 04:28:19";0;13.45183;3
1596083329;"30/07/2020 04:28:49";0;13.49907;3
1596083359;"30/07/2020 04:29:19";0;13.35848;3
1596083389;"30/07/2020 04:29:49";0;13.29867;3
1596083419;"30/07/2020 04:30:19";0;13.46173;3
1596083449;"30/07/2020 04:30:49";0;13.5768;3
1596083479;"30/07/2020 04:31:19";0;13.73796;3
1596083509;"30/07/2020 04:31:49";0;14.06257;3
1596083539;"30/07/2020 04:32:19";0;14.43824;3
1596083569;"30/07/2020 04:32:49";0;14.82191;3
1596083599;"30/07/2020 04:33:19";0;14.77466;3
1596083629;"30/07/2020 04:33:49";0;14.4009;3
1596083659;"30/07/2020 04:34:19";0;14.64627;3
1596083689;"30/07/2020 04:34:49";0;14.8341;3
1596083719;"30/07/2020 04:35:19";0;14.88287;3
1596083749;"30/07/2020 04:35:49";0;14.86115;3
1596083779;"30/07/2020 04:36:19";0;14.78266;3
1596083809;"30/07/2020 04:36:49";0;14.68056;3
1596083839;"30/07/2020 04:37:19";0;14.54797;3
1596083869;"30/07/2020 04:37:49";0;14.41424;3
1596083899;"30/07/2020 04:38:19";0;14.27022;3
1596083929;"30/07/2020 04:38:49";0;14.14563;3
1596083959;"30/07/2020 04:39:19";0;14.10143;3
1596083989;"30/07/2020 04:39:49";0;14.0519;3
1596084019;"30/07/2020 04:40:19";0;14.03781;3
1596084049;"30/07/2020 04:40:49";0;13.9978;3
1596084079;"30/07/2020 04:41:19";0;14.00047;3
1596084109;"30/07/2020 04:41:49";0;13.98294;3
1596084139;"30/07/2020 04:42:19";0;13.99704;3
1596084169;"30/07/2020 04:42:49";0;13.97913;3
1596084199;"30/07/2020 04:43:19";0;13.91398;3
1596084229;"30/07/2020 04:43:49";0;13.88731;3
1596084259;"30/07/2020 04:44:19";0;13.8995;3
1596084289;"30/07/2020 04:44:49";0;13.92046;3
1596084319;"30/07/2020 04:45:19";0;13.89722;3
1596084349;"30/07/2020 04:45:49";0;13.85378;3
1596084379;"30/07/2020 04:46:19";0;13.88007;3
1596084409;"30/07/2020 04:46:49";0;13.90713;3
1596084439;"30/07/2020 04:47:19";0;13.90103;3
1596084469;"30/07/2020 04:47:49";0;13.88198;3
1596084499;"30/07/2020 04:48:19";0;13.91093;3
1596084529;"30/07/2020 04:48:49";0;13.94141;3
1596084559;"30/07/2020 04:49:19";0;13.96465;3
1596084589;"30/07/2020 04:49:49";0;13.93684;3
1596084619;"30/07/2020 04:50:19";0;13.89608;3
1596084649;"30/07/2020 04:50:49";0;13.89608;3
1596084679;"30/07/2020 04:51:19";0;13.93075;3
1596084709;"30/07/2020 04:51:49";0;13.95856;3
1596084739;"30/07/2020 04:52:19";0;13.95856;3
1596084769;"30/07/2020 04:52:49";0;13.96237;3
1596084799;"30/07/2020 04:53:19";0;13.98942;3
1596084829;"30/07/2020 04:53:49";0;13.99628;3
1596084859;"30/07/2020 04:54:19";0;13.97456;3
1596084889;"30/07/2020 04:54:49";0;13.9498;3
1596084919;"30/07/2020 04:55:19";0;13.97075;3
1596084949;"30/07/2020 04:55:49";0;13.98713;3
1596084979;"30/07/2020 04:56:19";0;14.0039;3
1596085009;"30/07/2020 04:56:49";0;14.00657;3
1596085039;"30/07/2020 04:57:19";0;14.00809;3
1596085069;"30/07/2020 04:57:49";0;14.02981;3
1596085099;"30/07/2020 04:58:19";0;14.0641;3
1596085129;"30/07/2020 04:58:49";0;14.05991;3
1596085159;"30/07/2020 04:59:19";0;14.03247;3
1596085189;"30/07/2020 04:59:49";0;14.03743;3
1596085219;"30/07/2020 05:00:19";0;14.06257;3
1596085249;"30/07/2020 05:00:49";0;14.08086;3
1596085279;"30/07/2020 05:01:19";0;14.02143;3
1596085309;"30/07/2020 05:01:49";0;13.70367;3
1596085339;"30/07/2020 05:02:19";0;13.13789;3
1596085369;"30/07/2020 05:02:49";0;13.23733;3
1596085399;"30/07/2020 05:03:19";0;13.42554;3
1596085429;"30/07/2020 05:03:49";0;13.52079;3
1596085459;"30/07/2020 05:04:19";0;13.60042;3
1596085489;"30/07/2020 05:04:49";0;13.68348;3
1596085519;"30/07/2020 05:05:19";0;13.77568;3
1596085549;"30/07/2020 05:05:49";0;13.84388;3
1596085579;"30/07/2020 05:06:19";0;13.84578;3
1596085609;"30/07/2020 05:06:49";0;13.84083;3
1596085639;"30/07/2020 05:07:19";0;13.84807;3
1596085669;"30/07/2020 05:07:49";0;13.87893;3
1596085699;"30/07/2020 05:08:19";0;13.90255;3
1596085729;"30/07/2020 05:08:49";0;13.89455;3
1596085759;"30/07/2020 05:09:19";0;13.88579;3
1596085789;"30/07/2020 05:09:49";0;13.89112;3
1596085819;"30/07/2020 05:10:19";0;13.92084;3
1596085849;"30/07/2020 05:10:49";0;13.9597;3
1596085879;"30/07/2020 05:11:19";0;13.94942;3
1596085909;"30/07/2020 05:11:49";0;13.92808;3
1596085939;"30/07/2020 05:12:19";0;13.91741;3
1596085969;"30/07/2020 05:12:49";0;13.92656;3
1596085999;"30/07/2020 05:13:19";0;13.95361;3
1596086029;"30/07/2020 05:13:49";0;13.94942;3
1596086059;"30/07/2020 05:14:19";0;13.91208;3
1596086089;"30/07/2020 05:14:49";0;13.89989;3
1596086119;"30/07/2020 05:15:19";0;13.92465;3
1596086149;"30/07/2020 05:15:49";0;13.9578;3
1596086179;"30/07/2020 05:16:19";0;13.96694;3
1596086209;"30/07/2020 05:16:49";0;13.93989;3
1596086239;"30/07/2020 05:17:19";0;13.92503;3
1596086269;"30/07/2020 05:17:49";0;13.92884;3
1596086299;"30/07/2020 05:18:19";0;13.96085;3
1596086329;"30/07/2020 05:18:49";0;13.97075;3
1596086359;"30/07/2020 05:19:19";0;13.94637;3
1596086389;"30/07/2020 05:19:49";0;13.92999;3
1596086419;"30/07/2020 05:20:19";0;13.93036;3
1596086449;"30/07/2020 05:20:49";0;13.9719;3
1596086479;"30/07/2020 05:21:19";0;13.9978;3
1596086509;"30/07/2020 05:21:49";0;14.00847;3
1596086539;"30/07/2020 05:22:19";0;13.97799;3
1596086569;"30/07/2020 05:22:49";0;13.95818;3
1596086599;"30/07/2020 05:23:19";0;13.96046;3
1596086629;"30/07/2020 05:23:49";0;13.96389;3
1596086659;"30/07/2020 05:24:19";0;13.94256;3
1596086689;"30/07/2020 05:24:49";0;13.91779;3
1596086719;"30/07/2020 05:25:19";0;13.90636;3
1596086749;"30/07/2020 05:25:49";0;13.91551;3
1596086779;"30/07/2020 05:26:19";0;13.95323;3
1596086809;"30/07/2020 05:26:49";0;13.96237;3
1596086839;"30/07/2020 05:27:19";0;13.9517;3
1596086869;"30/07/2020 05:27:49";0;13.92999;3
1596086899;"30/07/2020 05:28:19";0;13.93418;3
1596086929;"30/07/2020 05:28:49";0;13.95246;3
1596086959;"30/07/2020 05:29:19";0;13.95704;3
1596086989;"30/07/2020 05:29:49";0;13.91436;3
1596087019;"30/07/2020 05:30:19";0;13.8976;3
1596087049;"30/07/2020 05:30:49";0;13.92694;3
1596087079;"30/07/2020 05:31:19";0;13.95361;3
1596087109;"30/07/2020 05:31:49";0;13.99247;3
1596087139;"30/07/2020 05:32:19";0;13.97456;3
1596087169;"30/07/2020 05:32:49";0;13.9677;3
1596087199;"30/07/2020 05:33:19";0;13.96389;3
1596087229;"30/07/2020 05:33:49";0;13.98371;3
1596087259;"30/07/2020 05:34:19";0;14.02523;3
1596087289;"30/07/2020 05:34:49";0;14.03171;3
1596087319;"30/07/2020 05:35:19";0;14.0058;3
1596087349;"30/07/2020 05:35:49";0;13.98066;3
1596087379;"30/07/2020 05:36:19";0;13.98028;3
1596087409;"30/07/2020 05:36:49";0;13.99209;3
1596087439;"30/07/2020 05:37:19";0;13.97837;3
1596087469;"30/07/2020 05:37:49";0;13.94522;3
1596087499;"30/07/2020 05:38:19";0;13.92922;3
1596087529;"30/07/2020 05:38:49";0;13.92656;3
1596087559;"30/07/2020 05:39:19";0;13.93608;3
1596087589;"30/07/2020 05:39:49";0;13.94903;3
1596087619;"30/07/2020 05:40:19";0;13.93837;3
1596087649;"30/07/2020 05:40:49";0;13.91703;3
1596087679;"30/07/2020 05:41:19";0;13.90103;3
1596087709;"30/07/2020 05:41:49";0;13.92846;3
1596087739;"30/07/2020 05:42:19";0;13.95627;3
1596087769;"30/07/2020 05:42:49";0;13.96313;3
1596087799;"30/07/2020 05:43:19";0;13.93303;3
1596087829;"30/07/2020 05:43:49";0;13.91436;3
1596087859;"30/07/2020 05:44:19";0;13.91398;3
1596087889;"30/07/2020 05:44:49";0;13.93151;3
1596087919;"30/07/2020 05:45:19";0;13.93799;3
1596087949;"30/07/2020 05:45:49";0;13.9197;3
1596087979;"30/07/2020 05:46:19";0;13.90179;3
1596088009;"30/07/2020 05:46:49";0;13.92237;3
1596088039;"30/07/2020 05:47:19";0;13.93951;3
1596088069;"30/07/2020 05:47:49";0;13.95284;3
1596088099;"30/07/2020 05:48:19";0;13.95399;3
1596088129;"30/07/2020 05:48:49";0;13.93989;3
1596088159;"30/07/2020 05:49:19";0;13.92808;3
1596088189;"30/07/2020 05:49:49";0;13.94827;3
1596088219;"30/07/2020 05:50:19";0;13.98409;3
1596088249;"30/07/2020 05:50:49";0;13.99056;3
1596088279;"30/07/2020 05:51:19";0;13.96313;3
1596088309;"30/07/2020 05:51:49";0;13.92999;3
1596088339;"30/07/2020 05:52:19";0;13.93951;3
1596088369;"30/07/2020 05:52:49";0;13.95094;3
1596088399;"30/07/2020 05:53:19";0;13.97647;3
1596088429;"30/07/2020 05:53:49";0;13.97418;3
1596088459;"30/07/2020 05:54:19";0;13.93151;3
1596088489;"30/07/2020 05:54:49";0;13.8435;3
1596088519;"30/07/2020 05:55:19";0;13.2941;3
1596088549;"30/07/2020 05:55:49";0;13.21561;3
1596088579;"30/07/2020 05:56:19";0;13.45411;3
1596088609;"30/07/2020 05:56:49";0;13.56689;3
1596088639;"30/07/2020 05:57:19";0;13.64957;3
1596088669;"30/07/2020 05:57:49";0;13.73491;3
1596088699;"30/07/2020 05:58:19";0;13.8294;3
1596088729;"30/07/2020 05:58:49";0;13.90674;3
1596088759;"30/07/2020 05:59:19";0;13.93075;3
1596088789;"30/07/2020 05:59:49";0;13.90751;3
1596088819;"30/07/2020 06:00:19";0;13.90865;3
1596088849;"30/07/2020 06:00:49";0;13.93722;3
1596088879;"30/07/2020 06:01:19";0;13.95704;3
1596088909;"30/07/2020 06:01:49";0;13.9677;3
1596088939;"30/07/2020 06:02:19";0;13.94789;3
1596088969;"30/07/2020 06:02:49";0;13.91817;3
1596088999;"30/07/2020 06:03:19";0;13.93227;3
1596089029;"30/07/2020 06:03:49";0;13.97037;3
1596089059;"30/07/2020 06:04:19";0;13.99094;3
1596089089;"30/07/2020 06:04:49";0;13.97952;3
1596089119;"30/07/2020 06:05:19";0;13.95323;3
1596089149;"30/07/2020 06:05:49";0;13.94903;3
1596089179;"30/07/2020 06:06:19";0;13.95856;3
1596089209;"30/07/2020 06:06:49";0;13.98561;3
1596089239;"30/07/2020 06:07:19";0;13.98447;3
1596089269;"30/07/2020 06:07:49";0;13.96808;3
1596089299;"30/07/2020 06:08:19";0;13.93494;3
1596089329;"30/07/2020 06:08:49";0;13.93837;3
1596089359;"30/07/2020 06:09:19";0;13.96046;3
1596089389;"30/07/2020 06:09:49";0;13.98904;3
1596089419;"30/07/2020 06:10:19";0;13.98713;3
1596089449;"30/07/2020 06:10:49";0;13.96161;3
1596089479;"30/07/2020 06:11:19";0;13.93837;3
1596089509;"30/07/2020 06:11:49";0;13.94256;3
1596089539;"30/07/2020 06:12:19";0;13.97342;3
1596089569;"30/07/2020 06:12:49";0;13.99094;3
1596089599;"30/07/2020 06:13:19";0;13.98713;3
1596089629;"30/07/2020 06:13:49";0;13.95323;3
1596089659;"30/07/2020 06:14:19";0;13.93303;3
1596089689;"30/07/2020 06:14:49";0;13.95323;3
1596089719;"30/07/2020 06:15:19";0;13.98104;3
1596089749;"30/07/2020 06:15:49";0;13.99361;3
1596089779;"30/07/2020 06:16:19";0;13.97913;3
1596089809;"30/07/2020 06:16:49";0;13.93951;3
1596089839;"30/07/2020 06:17:19";0;13.92465;3
1596089869;"30/07/2020 06:17:49";0;13.93875;3
1596089899;"30/07/2020 06:18:19";0;13.97685;3
1596089929;"30/07/2020 06:18:49";0;14.00428;3
1596089959;"30/07/2020 06:19:19";0;13.98713;3
1596089989;"30/07/2020 06:19:49";0;13.94065;3
1596090019;"30/07/2020 06:20:19";0;13.58632;3
1596090049;"30/07/2020 06:20:49";0;13.12988;3
1596090079;"30/07/2020 06:21:19";0;13.29295;3
1596090109;"30/07/2020 06:21:49";0;13.4846;3
1596090139;"30/07/2020 06:22:19";0;13.59166;3
1596090169;"30/07/2020 06:22:49";0;13.66367;3
1596090199;"30/07/2020 06:23:19";0;13.72844;3
1596090229;"30/07/2020 06:23:49";0;13.76425;3
1596090259;"30/07/2020 06:24:19";0;13.79359;3
1596090289;"30/07/2020 06:24:49";0;13.8134;3
1596090319;"30/07/2020 06:25:19";0;13.79778;3
1596090349;"30/07/2020 06:25:49";0;13.78101;3
1596090379;"30/07/2020 06:26:19";0;13.78254;3
1596090409;"30/07/2020 06:26:49";0;13.81073;3
1596090439;"30/07/2020 06:27:19";0;13.83359;3
1596090469;"30/07/2020 06:27:49";0;13.82178;3
1596090499;"30/07/2020 06:28:19";0;13.7833;3
1596090529;"30/07/2020 06:28:49";0;13.75549;3
1596090559;"30/07/2020 06:29:19";0;13.76882;3
1596090589;"30/07/2020 06:29:49";0;13.80692;3
1596090619;"30/07/2020 06:30:19";0;13.83359;3
1596090649;"30/07/2020 06:30:49";0;13.83397;3
1596090679;"30/07/2020 06:31:19";0;13.80883;3
1596090709;"30/07/2020 06:31:49";0;13.79473;3
1596090739;"30/07/2020 06:32:19";0;13.80349;3
1596090769;"30/07/2020 06:32:49";0;13.82864;3
1596090799;"30/07/2020 06:33:19";0;13.84121;3
1596090829;"30/07/2020 06:33:49";0;13.82483;3
1596090859;"30/07/2020 06:34:19";0;13.79016;3
1596090889;"30/07/2020 06:34:49";0;13.77873;3
1596090919;"30/07/2020 06:35:19";0;13.80044;3
1596090949;"30/07/2020 06:35:49";0;13.82331;3
1596090979;"30/07/2020 06:36:19";0;13.81911;3
1596091009;"30/07/2020 06:36:49";0;13.79511;3
1596091039;"30/07/2020 06:37:19";0;13.78368;3
1596091069;"30/07/2020 06:37:49";0;13.80197;3
1596091099;"30/07/2020 06:38:19";0;13.82826;3
1596091129;"30/07/2020 06:38:49";0;13.83816;3
1596091159;"30/07/2020 06:39:19";0;13.82559;3
1596091189;"30/07/2020 06:39:49";0;13.82102;3
1596091219;"30/07/2020 06:40:19";0;13.83626;3
1596091249;"30/07/2020 06:40:49";0;13.85378;3
1596091280;"30/07/2020 06:41:20";0;13.85188;3
1596091309;"30/07/2020 06:41:49";0;13.84807;3
1596091339;"30/07/2020 06:42:19";0;13.85493;3
1596091369;"30/07/2020 06:42:49";0;13.87969;3
1596091399;"30/07/2020 06:43:19";0;13.88731;3
1596091429;"30/07/2020 06:43:49";0;13.86522;3
1596091459;"30/07/2020 06:44:19";0;13.84083;3
1596091489;"30/07/2020 06:44:49";0;13.82597;3
1596091519;"30/07/2020 06:45:19";0;13.83359;3
1596091549;"30/07/2020 06:45:49";0;13.84693;3
1596091579;"30/07/2020 06:46:19";0;13.84655;3
1596091609;"30/07/2020 06:46:49";0;13.84731;3
1596091639;"30/07/2020 06:47:19";0;13.8595;3
1596091669;"30/07/2020 06:47:49";0;13.88465;3
1596091699;"30/07/2020 06:48:19";0;13.88846;3
1596091729;"30/07/2020 06:48:49";0;13.86559;3
1596091759;"30/07/2020 06:49:19";0;13.83473;3
1596091789;"30/07/2020 06:49:49";0;13.81949;3
1596091819;"30/07/2020 06:50:19";0;13.83473;3
1596091849;"30/07/2020 06:50:49";0;13.87779;3
1596091879;"30/07/2020 06:51:19";0;13.91055;3
1596091909;"30/07/2020 06:51:49";0;13.81187;3
1596091939;"30/07/2020 06:52:19";0;13.27581;3
1596091969;"30/07/2020 06:52:49";0;13.23656;3
1596091999;"30/07/2020 06:53:19";0;13.46669;3
1596092029;"30/07/2020 06:53:49";0;13.5928;3
1596092059;"30/07/2020 06:54:19";0;13.65985;3
1596092089;"30/07/2020 06:54:49";0;13.68957;3
1596092119;"30/07/2020 06:55:19";0;13.73529;3
1596092149;"30/07/2020 06:55:49";0;13.77035;3
1596092179;"30/07/2020 06:56:19";0;13.79359;3
1596092209;"30/07/2020 06:56:49";0;13.8153;3
1596092239;"30/07/2020 06:57:19";0;13.83092;3
1596092269;"30/07/2020 06:57:49";0;13.84464;3
1596092299;"30/07/2020 06:58:19";0;13.84997;3
1596092329;"30/07/2020 06:58:49";0;13.85645;3
1596092359;"30/07/2020 06:59:19";0;13.86217;3
1596092389;"30/07/2020 06:59:49";0;13.87207;3
1596092419;"30/07/2020 07:00:19";0;13.87779;3
1596092449;"30/07/2020 07:00:49";0;13.8816;3
1596092479;"30/07/2020 07:01:19";0;13.88046;3
1596092509;"30/07/2020 07:01:49";0;13.88426;3
1596092539;"30/07/2020 07:02:19";0;13.91817;3
1596092569;"30/07/2020 07:02:49";0;14.22069;3
1596092599;"30/07/2020 07:03:19";0;14.34756;3
1596092629;"30/07/2020 07:03:49";0;14.40166;3
1596092659;"30/07/2020 07:04:19";0;14.42681;3
1596092689;"30/07/2020 07:04:49";0;14.30527;3
1596092719;"30/07/2020 07:05:19";0;14.10753;3
1596092749;"30/07/2020 07:05:49";0;13.97266;3
1596092779;"30/07/2020 07:06:19";0;13.88388;3
1596092809;"30/07/2020 07:06:49";0;13.82102;3
1596092839;"30/07/2020 07:07:19";0;13.78063;3
1596092869;"30/07/2020 07:07:49";0;13.76006;3
1596092899;"30/07/2020 07:08:19";0;13.73263;3
1596092929;"30/07/2020 07:08:49";0;13.69948;3
1596092959;"30/07/2020 07:09:19";0;13.70786;3
1596092989;"30/07/2020 07:09:49";0;13.72577;3
1596093019;"30/07/2020 07:10:19";0;13.72501;3
1596093049;"30/07/2020 07:10:49";0;13.69872;3
1596093079;"30/07/2020 07:11:19";0;13.65109;3
1596093109;"30/07/2020 07:11:49";0;13.62442;3
1596093139;"30/07/2020 07:12:19";0;13.61642;3
1596093169;"30/07/2020 07:12:49";0;13.61871;3
1596093199;"30/07/2020 07:13:19";0;13.63014;3
1596093229;"30/07/2020 07:13:49";0;13.63395;3
1596093259;"30/07/2020 07:14:19";0;13.63319;3
1596093289;"30/07/2020 07:14:49";0;13.63623;3
1596093319;"30/07/2020 07:15:19";0;13.65033;3
1596093349;"30/07/2020 07:15:49";0;13.66862;3
1596093379;"30/07/2020 07:16:19";0;13.67472;3
1596093409;"30/07/2020 07:16:49";0;13.66595;3
1596093439;"30/07/2020 07:17:19";0;13.65071;3
1596093469;"30/07/2020 07:17:49";0;13.65071;3
1596093499;"30/07/2020 07:18:19";0;13.64919;3
1596093529;"30/07/2020 07:18:49";0;13.66252;3
1596093559;"30/07/2020 07:19:19";0;13.6709;3
1596093589;"30/07/2020 07:19:49";0;13.66824;3
1596093619;"30/07/2020 07:20:19";0;13.67509;3
1596093649;"30/07/2020 07:20:49";0;13.66747;3
1596093679;"30/07/2020 07:21:19";0;13.69796;3
1596093709;"30/07/2020 07:21:49";0;13.74634;3
1596093739;"30/07/2020 07:22:19";0;13.78482;3
1596093769;"30/07/2020 07:22:49";0;13.78749;3
1596093799;"30/07/2020 07:23:19";0;13.7894;3
1596093829;"30/07/2020 07:23:49";0;13.39354;3
1596093859;"30/07/2020 07:24:19";0;12.97139;3
1596093889;"30/07/2020 07:24:49";0;13.13255;3
1596093919;"30/07/2020 07:25:19";0;13.312;3
1596093949;"30/07/2020 07:25:49";0;13.44154;3
1596093979;"30/07/2020 07:26:19";0;13.48993;3
1596094009;"30/07/2020 07:26:49";0;13.51888;3
1596094039;"30/07/2020 07:27:19";0;13.55356;3
1596094069;"30/07/2020 07:27:49";0;13.57718;3
1596094099;"30/07/2020 07:28:19";0;13.57184;3
1596094129;"30/07/2020 07:28:49";0;13.55165;3
1596094159;"30/07/2020 07:29:19";0;13.53527;3
1596094189;"30/07/2020 07:29:49";0;13.51774;3
1596094219;"30/07/2020 07:30:19";0;13.51927;3
1596094249;"30/07/2020 07:30:49";0;13.52308;3
1596094279;"30/07/2020 07:31:19";0;13.53832;3
1596094309;"30/07/2020 07:31:49";0;13.54822;3
1596094339;"30/07/2020 07:32:19";0;13.56156;3
1596094369;"30/07/2020 07:32:49";0;13.5627;3
1596094399;"30/07/2020 07:33:19";0;13.56003;3
1596094429;"30/07/2020 07:33:49";0;13.57261;3
1596094460;"30/07/2020 07:34:20";0;13.58137;3
1596094489;"30/07/2020 07:34:49";0;13.6008;3
1596094519;"30/07/2020 07:35:19";0;13.59661;3
1596094549;"30/07/2020 07:35:49";0;13.59013;3
1596094579;"30/07/2020 07:36:19";0;13.56461;3
1596094609;"30/07/2020 07:36:49";0;13.54708;3
1596094639;"30/07/2020 07:37:19";0;13.5467;3
1596094669;"30/07/2020 07:37:49";0;13.54175;3
1596094699;"30/07/2020 07:38:19";0;13.54289;3
1596094729;"30/07/2020 07:38:49";0;13.53374;3
1596094759;"30/07/2020 07:39:19";0;13.53374;3
1596094789;"30/07/2020 07:39:49";0;13.54365;3
1596094819;"30/07/2020 07:40:19";0;13.5467;3
1596094849;"30/07/2020 07:40:49";0;13.56232;3
1596094879;"30/07/2020 07:41:19";0;13.56804;3
1596094909;"30/07/2020 07:41:49";0;13.57223;3
1596094939;"30/07/2020 07:42:19";0;13.56765;3
1596094969;"30/07/2020 07:42:49";0;13.5547;3
1596094999;"30/07/2020 07:43:19";0;13.55127;3
1596095029;"30/07/2020 07:43:49";0;13.55089;3
1596095059;"30/07/2020 07:44:19";0;13.54937;3
1596095089;"30/07/2020 07:44:49";0;13.53755;3
1596095119;"30/07/2020 07:45:19";0;13.54517;3
1596095149;"30/07/2020 07:45:49";0;13.54822;3
1596095179;"30/07/2020 07:46:19";0;13.5406;3
1596095209;"30/07/2020 07:46:49";0;13.52803;3
1596095239;"30/07/2020 07:47:19";0;13.51622;3
1596095269;"30/07/2020 07:47:49";0;13.51584;3
1596095299;"30/07/2020 07:48:19";0;13.50479;3
1596095329;"30/07/2020 07:48:49";0;13.49641;3
1596095359;"30/07/2020 07:49:19";0;13.50784;3
1596095389;"30/07/2020 07:49:49";0;13.52879;3
1596095419;"30/07/2020 07:50:19";0;13.52689;3
1596095449;"30/07/2020 07:50:49";0;13.5246;3
1596095479;"30/07/2020 07:51:19";0;13.51965;3
1596095509;"30/07/2020 07:51:49";0;13.51965;3
1596095539;"30/07/2020 07:52:19";0;13.51888;3
1596095569;"30/07/2020 07:52:49";0;13.52231;3
1596095599;"30/07/2020 07:53:19";0;13.57604;3
1596095629;"30/07/2020 07:53:49";0;13.61299;3
1596095659;"30/07/2020 07:54:19";0;13.48841;3
1596095689;"30/07/2020 07:54:49";0;12.93062;3
1596095719;"30/07/2020 07:55:19";0;12.85671;3
1596095749;"30/07/2020 07:55:49";0;13.13827;3
1596095779;"30/07/2020 07:56:19";0;13.30857;3
1596095809;"30/07/2020 07:56:49";0;13.41716;3
1596095839;"30/07/2020 07:57:19";0;13.48231;3
1596095869;"30/07/2020 07:57:49";0;13.54175;3
1596095899;"30/07/2020 07:58:19";0;13.59851;3
1596095929;"30/07/2020 07:58:49";0;13.63547;3
1596095959;"30/07/2020 07:59:19";0;13.67243;3
1596095989;"30/07/2020 07:59:49";0;13.69796;3
1596096019;"30/07/2020 08:00:19";0;13.72158;3
1596096049;"30/07/2020 08:00:49";0;13.72767;3
1596096079;"30/07/2020 08:01:19";0;13.73758;3
1596096109;"30/07/2020 08:01:49";0;13.71967;3
1596096139;"30/07/2020 08:02:19";0;13.70672;3
1596096169;"30/07/2020 08:02:49";0;13.701;3
1596096199;"30/07/2020 08:03:19";0;13.69072;3
1596096229;"30/07/2020 08:03:49";0;13.6831;3
1596096259;"30/07/2020 08:04:19";0;13.67052;3
1596096289;"30/07/2020 08:04:49";0;13.67738;3
1596096319;"30/07/2020 08:05:19";0;13.67509;3
1596096349;"30/07/2020 08:05:49";0;13.68157;3
1596096379;"30/07/2020 08:06:19";0;13.68729;3
1596096409;"30/07/2020 08:06:49";0;13.69415;3
1596096439;"30/07/2020 08:07:19";0;13.69757;3
1596096469;"30/07/2020 08:07:49";0;13.68881;3
1596096499;"30/07/2020 08:08:19";0;13.67586;3
1596096529;"30/07/2020 08:08:49";0;13.67433;3
1596096559;"30/07/2020 08:09:19";0;13.6709;3
1596096589;"30/07/2020 08:09:49";0;13.67167;3
1596096619;"30/07/2020 08:10:19";0;13.66747;3
1596096649;"30/07/2020 08:10:49";0;13.68614;3
1596096679;"30/07/2020 08:11:19";0;13.69376;3
1596096709;"30/07/2020 08:11:49";0;13.68843;3
1596096739;"30/07/2020 08:12:19";0;13.68767;3
1596096769;"30/07/2020 08:12:49";0;13.69072;3
1596096799;"30/07/2020 08:13:19";0;13.69796;3
1596096829;"30/07/2020 08:13:49";0;13.72005;3
1596096859;"30/07/2020 08:14:19";0;13.72729;3
1596096889;"30/07/2020 08:14:49";0;13.73644;3
1596096919;"30/07/2020 08:15:19";0;13.75511;3
1596096949;"30/07/2020 08:15:49";0;13.76996;3
1596096979;"30/07/2020 08:16:19";0;13.78139;3
1596097009;"30/07/2020 08:16:49";0;13.79054;3
1596097039;"30/07/2020 08:17:19";0;13.7993;3
1596097069;"30/07/2020 08:17:49";0;13.79778;3
1596097099;"30/07/2020 08:18:19";0;13.79206;3
1596097129;"30/07/2020 08:18:49";0;13.79473;3
1596097159;"30/07/2020 08:19:19";0;13.79549;3
1596097189;"30/07/2020 08:19:49";0;13.7833;3
1596097219;"30/07/2020 08:20:19";0;13.53984;3
1596097250;"30/07/2020 08:20:50";0;13.54708;3
1596097279;"30/07/2020 08:21:19";0;13.54175;3
1596097309;"30/07/2020 08:21:49";0;13.53222;3
1596097339;"30/07/2020 08:22:19";0;13.53679;3
1596097369;"30/07/2020 08:22:49";0;13.5006;3
1596097399;"30/07/2020 08:23:19";0;13.48802;3
1596097429;"30/07/2020 08:23:49";0;13.46707;3
1596097459;"30/07/2020 08:24:19";0;13.46326;3
1596097489;"30/07/2020 08:24:49";0;13.47888;3
1596097519;"30/07/2020 08:25:19";0;13.49031;3
1596097549;"30/07/2020 08:25:49";0;13.50593;3
1596097579;"30/07/2020 08:26:19";0;13.49564;3
1596097609;"30/07/2020 08:26:49";0;13.49641;3
1596097639;"30/07/2020 08:27:19";0;13.47888;3
1596097669;"30/07/2020 08:27:49";0;13.45602;3
1596097699;"30/07/2020 08:28:19";0;13.4484;3
1596097729;"30/07/2020 08:28:49";0;13.43849;3
1596097759;"30/07/2020 08:29:19";0;13.4423;3
1596097789;"30/07/2020 08:29:49";0;13.44383;3
1596097819;"30/07/2020 08:30:19";0;13.44802;3
1596097849;"30/07/2020 08:30:49";0;13.44726;3
1596097879;"30/07/2020 08:31:19";0;13.4484;3
1596097909;"30/07/2020 08:31:49";0;13.44421;3
1596097939;"30/07/2020 08:32:19";0;13.44078;3
1596097969;"30/07/2020 08:32:49";0;13.4404;3
1596097999;"30/07/2020 08:33:19";0;13.44383;3
1596098029;"30/07/2020 08:33:49";0;13.44535;3
1596098059;"30/07/2020 08:34:19";0;13.44269;3
1596098089;"30/07/2020 08:34:49";0;13.44116;3
1596098119;"30/07/2020 08:35:19";0;13.44383;3
1596098149;"30/07/2020 08:35:49";0;13.44269;3
1596098179;"30/07/2020 08:36:19";0;13.43316;3
1596098209;"30/07/2020 08:36:49";0;13.43202;3
1596098239;"30/07/2020 08:37:19";0;13.43507;3
1596098269;"30/07/2020 08:37:49";0;13.43278;3
1596098299;"30/07/2020 08:38:19";0;13.42706;3
1596098329;"30/07/2020 08:38:49";0;13.44573;3
1596098359;"30/07/2020 08:39:19";0;13.47621;3
1596098389;"30/07/2020 08:39:49";0;13.50136;3
1596098419;"30/07/2020 08:40:19";0;13.51241;3
1596098449;"30/07/2020 08:40:49";0;13.5166;3
1596098479;"30/07/2020 08:41:19";0;13.51622;3
1596098509;"30/07/2020 08:41:49";0;13.51012;3
1596098539;"30/07/2020 08:42:19";0;13.50822;3
1596098569;"30/07/2020 08:42:49";0;13.50098;3
1596098599;"30/07/2020 08:43:19";0;13.49679;3
1596098629;"30/07/2020 08:43:49";0;13.49869;3
1596098659;"30/07/2020 08:44:19";0;13.50364;3
1596098689;"30/07/2020 08:44:49";0;13.50555;3
1596098719;"30/07/2020 08:45:19";0;13.52117;3
1596098749;"30/07/2020 08:45:49";0;13.52765;3
1596098779;"30/07/2020 08:46:19";0;13.5387;3
1596098809;"30/07/2020 08:46:49";0;13.54556;3
1596098839;"30/07/2020 08:47:19";0;13.56194;3
1596098869;"30/07/2020 08:47:49";0;13.58442;3
1596098899;"30/07/2020 08:48:19";0;13.58251;3
1596098929;"30/07/2020 08:48:49";0;13.60156;3
1596098959;"30/07/2020 08:49:19";0;13.62137;3
1596098989;"30/07/2020 08:49:49";0;13.66024;3
1596099019;"30/07/2020 08:50:19";0;13.69491;3
1596099049;"30/07/2020 08:50:49";0;13.72615;3
1596099079;"30/07/2020 08:51:19";0;13.73872;3
1596099109;"30/07/2020 08:51:49";0;13.74253;3
1596099139;"30/07/2020 08:52:19";0;13.74215;3
1596099169;"30/07/2020 08:52:49";0;13.75244;3
1596099199;"30/07/2020 08:53:19";0;13.75091;3
1596099229;"30/07/2020 08:53:49";0;13.76006;3
1596099259;"30/07/2020 08:54:19";0;13.76311;3
1596099289;"30/07/2020 08:54:49";0;13.7673;3
1596099319;"30/07/2020 08:55:19";0;13.77187;3
1596099349;"30/07/2020 08:55:49";0;13.77035;3
1596099379;"30/07/2020 08:56:19";0;13.77911;3
1596099409;"30/07/2020 08:56:49";0;13.7753;3
1596099439;"30/07/2020 08:57:19";0;13.78635;3
1596099469;"30/07/2020 08:57:49";0;13.79892;3
1596099499;"30/07/2020 08:58:19";0;13.79854;3
1596099529;"30/07/2020 08:58:49";0;13.78673;3
1596099559;"30/07/2020 08:59:19";0;13.77301;3
1596099589;"30/07/2020 08:59:49";0;13.76616;3
1596099619;"30/07/2020 09:00:19";0;13.76349;3
1596099649;"30/07/2020 09:00:49";0;13.75739;3
1596099679;"30/07/2020 09:01:19";0;13.76273;3
1596099709;"30/07/2020 09:01:49";0;13.76044;3
1596099739;"30/07/2020 09:02:19";0;13.76158;3
1596099769;"30/07/2020 09:02:49";0;13.76349;3
1596099799;"30/07/2020 09:03:19";0;13.75968;3
1596099829;"30/07/2020 09:03:49";0;13.76234;3
1596099859;"30/07/2020 09:04:19";0;13.75663;3
1596099889;"30/07/2020 09:04:49";0;13.7593;3
1596099919;"30/07/2020 09:05:19";0;13.76311;3
1596099949;"30/07/2020 09:05:49";0;13.75396;3
1596099979;"30/07/2020 09:06:19";0;13.75663;3
1596100009;"30/07/2020 09:06:49";0;13.75396;3
1596100039;"30/07/2020 09:07:19";0;13.73453;3
1596100069;"30/07/2020 09:07:49";0;13.73377;3
1596100099;"30/07/2020 09:08:19";0;13.73606;3
1596100129;"30/07/2020 09:08:49";0;13.7132;3
1596100159;"30/07/2020 09:09:19";0;13.23275;3
1596100189;"30/07/2020 09:09:49";0;12.92719;3
1596100219;"30/07/2020 09:10:19";0;13.16227;3
1596100249;"30/07/2020 09:10:49";0;13.29448;3
1596100279;"30/07/2020 09:11:19";0;13.38287;3
1596100309;"30/07/2020 09:11:49";0;13.46707;3
1596100339;"30/07/2020 09:12:19";0;13.53679;3
1596100369;"30/07/2020 09:12:49";0;13.59318;3
1596100399;"30/07/2020 09:13:19";0;13.63395;3
1596100429;"30/07/2020 09:13:49";0;13.67929;3
1596100459;"30/07/2020 09:14:19";0;13.70786;3
1596100489;"30/07/2020 09:14:49";0;13.72272;3
1596100519;"30/07/2020 09:15:19";0;13.7292;3
1596100549;"30/07/2020 09:15:49";0;13.73758;3
1596100579;"30/07/2020 09:16:19";0;13.74444;3
1596100609;"30/07/2020 09:16:49";0;13.74901;3
1596100639;"30/07/2020 09:17:19";0;13.75434;3
1596100669;"30/07/2020 09:17:49";0;13.75701;3
1596100699;"30/07/2020 09:18:19";0;13.76082;3
1596100729;"30/07/2020 09:18:49";0;13.73072;3
1596100759;"30/07/2020 09:19:19";0;13.68119;3
1596100789;"30/07/2020 09:19:49";0;13.64157;3
1596100819;"30/07/2020 09:20:19";0;13.62099;3
1596100849;"30/07/2020 09:20:49";0;13.60423;3
1596100879;"30/07/2020 09:21:19";0;13.60461;3
1596100909;"30/07/2020 09:21:49";0;13.59013;3
1596100939;"30/07/2020 09:22:19";0;13.59356;3
1596100969;"30/07/2020 09:22:49";0;13.57413;3
1596100999;"30/07/2020 09:23:19";0;13.56194;3
1596101029;"30/07/2020 09:23:49";0;13.54937;3
1596101059;"30/07/2020 09:24:19";0;13.54403;3
1596101089;"30/07/2020 09:24:49";0;13.54594;3
1596101119;"30/07/2020 09:25:19";0;13.55089;3
1596101149;"30/07/2020 09:25:49";0;13.5486;3
1596101179;"30/07/2020 09:26:19";0;13.55584;3
1596101209;"30/07/2020 09:26:49";0;13.56156;3
1596101239;"30/07/2020 09:27:19";0;13.56956;3
1596101269;"30/07/2020 09:27:49";0;13.64195;3
1596101299;"30/07/2020 09:28:19";0;13.68919;3
1596101329;"30/07/2020 09:28:49";0;13.7132;3
1596101359;"30/07/2020 09:29:19";0;13.73872;3
1596101389;"30/07/2020 09:29:49";0;13.76387;3
1596101419;"30/07/2020 09:30:19";0;13.72767;3
1596101449;"30/07/2020 09:30:49";0;13.6911;3
1596101479;"30/07/2020 09:31:19";0;13.66595;3
1596101509;"30/07/2020 09:31:49";0;13.64919;3
1596101539;"30/07/2020 09:32:19";0;13.64881;3
1596101569;"30/07/2020 09:32:49";0;13.63738;3
1596101599;"30/07/2020 09:33:19";0;13.62366;3
1596101629;"30/07/2020 09:33:49";0;13.62328;3
1596101659;"30/07/2020 09:34:19";0;13.61833;3
1596101689;"30/07/2020 09:34:49";0;13.61185;3
1596101719;"30/07/2020 09:35:19";0;13.62366;3
1596101749;"30/07/2020 09:35:49";0;13.62671;3
1596101779;"30/07/2020 09:36:19";0;13.62557;3
1596101809;"30/07/2020 09:36:49";0;13.60042;3
1596101839;"30/07/2020 09:37:19";0;13.60385;3
1596101869;"30/07/2020 09:37:49";0;13.5947;3
1596101899;"30/07/2020 09:38:19";0;13.59394;3
1596101929;"30/07/2020 09:38:49";0;13.59775;3
1596101959;"30/07/2020 09:39:19";0;13.59661;3
1596101989;"30/07/2020 09:39:49";0;13.60575;3
1596102019;"30/07/2020 09:40:19";0;13.73644;3
1596102049;"30/07/2020 09:40:49";0;13.91741;3
1596102079;"30/07/2020 09:41:19";0;13.8675;3
1596102109;"30/07/2020 09:41:49";0;13.41144;3
1596102139;"30/07/2020 09:42:19";0;13.51355;3
1596102169;"30/07/2020 09:42:49";0;13.74406;3
1596102199;"30/07/2020 09:43:19";0;13.87931;3
1596102229;"30/07/2020 09:43:49";0;14.03095;3
1596102259;"30/07/2020 09:44:19";0;14.20926;3
1596102289;"30/07/2020 09:44:49";0;14.02143;3
1596102319;"30/07/2020 09:45:19";0;13.70443;3
1596102349;"30/07/2020 09:45:49";0;13.61414;3
1596102379;"30/07/2020 09:46:19";0;13.56689;3
1596102409;"30/07/2020 09:46:49";0;13.53298;3
1596102439;"30/07/2020 09:47:19";0;13.50403;3
1596102469;"30/07/2020 09:47:49";0;13.51012;3
1596102499;"30/07/2020 09:48:19";0;13.53032;3
1596102529;"30/07/2020 09:48:49";0;13.56232;3
1596102559;"30/07/2020 09:49:19";0;13.5467;3
1596102589;"30/07/2020 09:49:49";0;13.52917;3
1596102619;"30/07/2020 09:50:19";0;13.47812;3
1596102649;"30/07/2020 09:50:49";0;13.43621;3
1596102679;"30/07/2020 09:51:19";0;13.41906;3
1596102709;"30/07/2020 09:51:49";0;13.41411;3
1596102739;"30/07/2020 09:52:19";0;13.40306;3
1596102769;"30/07/2020 09:52:49";0;13.43316;3
1596102799;"30/07/2020 09:53:19";0;13.45259;3
1596102829;"30/07/2020 09:53:49";0;13.44154;3
1596102859;"30/07/2020 09:54:19";0;13.40916;3
1596102889;"30/07/2020 09:54:49";0;13.36725;3
1596102919;"30/07/2020 09:55:19";0;13.3562;3
1596102949;"30/07/2020 09:55:49";0;13.3421;3
1596102979;"30/07/2020 09:56:19";0;13.33753;3
1596103009;"30/07/2020 09:56:49";0;13.33372;3
1596103039;"30/07/2020 09:57:19";0;13.37792;3
1596103069;"30/07/2020 09:57:49";0;13.40116;3
1596103099;"30/07/2020 09:58:19";0;13.39659;3
1596103129;"30/07/2020 09:58:49";0;13.39087;3
1596103159;"30/07/2020 09:59:19";0;13.38363;3
1596103189;"30/07/2020 09:59:49";0;13.39011;3

